,LC Name,Temperature,Applied Voltage,Rise Time,Decay Time,Total Response Time
0,Pure LC,30,4,0.0037124999999989987,0.006399999999995001,0.010112499999994
1,Pure LC,30,5,0.002112499999999999,0.0065875000000000005,0.0087
2,Pure LC,30,6,0.0014374999999985003,0.006624999999995,0.0080624999999935
3,Pure LC,30,7,0.0009624999999987497,0.006424999999995001,0.007387499999993751
4,Pure LC,30,8,0.000787499999999751,0.006599999999994999,0.00738749999999475
5,Pure LC,30,9,0.0006125000000000002,0.006387500000000001,0.007000000000000001
6,Pure LC,30,10,0.00061250000000025,0.006437499999994999,0.007049999999995249
